{
  "overall_accuracy": 0.36363636363636365,
  "test_loss": 1.2417882680892944,
  "test_accuracy": 0.36363636363636365,
  "per_class_precision": [
    0.0,
    0.0,
    0.36363636363636365
  ],
  "per_class_recall": [
    0.0,
    0.0,
    1.0
  ],
  "per_class_f1": [
    0.0,
    0.0,
    0.5333333333333333
  ],
  "per_class_support": [
    4,
    3,
    4
  ],
  "classification_report": {
    "high": {
      "precision": 0.0,
      "recall": 0.0,
      "f1-score": 0.0,
      "support": 4.0
    },
    "low": {
      "precision": 0.0,
      "recall": 0.0,
      "f1-score": 0.0,
      "support": 3.0
    },
    "moderate": {
      "precision": 0.36363636363636365,
      "recall": 1.0,
      "f1-score": 0.5333333333333333,
      "support": 4.0
    },
    "accuracy": 0.36363636363636365,
    "macro avg": {
      "precision": 0.12121212121212122,
      "recall": 0.3333333333333333,
      "f1-score": 0.17777777777777778,
      "support": 11.0
    },
    "weighted avg": {
      "precision": 0.1322314049586777,
      "recall": 0.36363636363636365,
      "f1-score": 0.19393939393939394,
      "support": 11.0
    }
  },
  "confusion_matrix": [
    [
      0,
      0,
      4
    ],
    [
      0,
      0,
      3
    ],
    [
      0,
      0,
      4
    ]
  ]
}